K,fold,accuracy,precision,recall,f1,confusion_matrix
1,5,0.968,0.9725384615384616,0.9678888888888888,0.9674678136867396,"[[50.  0.  0.  0.  0.]
 [ 0. 47.  0.  1.  2.]
 [ 0.  0. 48.  2.  0.]
 [ 0.  0.  1. 48.  1.]
 [ 0.  1.  0.  0. 49.]]"
3,5,0.976,0.978142857142857,0.9762222222222222,0.9753254626400405,"[[50.  0.  0.  0.  0.]
 [ 1. 47.  0.  1.  1.]
 [ 0.  0. 49.  1.  0.]
 [ 0.  0.  0. 49.  1.]
 [ 0.  1.  0.  0. 49.]]"
5,5,0.9640000000000001,0.9697272727272725,0.9662222222222223,0.9649339282485062,"[[50.  0.  0.  0.  0.]
 [ 0. 47.  0.  2.  1.]
 [ 0.  0. 46.  1.  3.]
 [ 0.  0.  0. 49.  1.]
 [ 0.  1.  0.  0. 49.]]"
7,5,0.9559999999999998,0.9654965034965034,0.9595089355089355,0.9591624996770776,"[[50.  0.  0.  0.  0.]
 [ 0. 46.  0.  3.  1.]
 [ 0.  0. 46.  1.  3.]
 [ 0.  0.  0. 49.  1.]
 [ 0.  1.  0.  1. 48.]]"
